--INPUT DATA
--insert

USE ENTV

INSERT INTO MsStaff VALUES
('ST001', 'Aisha Nathania', 'aisha.nathania@yahoo.com', 'Female', '+6281222691989', 'Jl. Berkah Utama No.37 Thamrin Selatan, Jakarta Selatan.', 3000000, '2000-01-01'),
('ST002', 'Baataria Naura', 'batarinaura@gmail.com', 'Female', '+6281245760990', 'Jl. Madiun Selenggang blok J no 44, Jawa Timur.', 3250000, '1999-02-02'),
('ST003', 'Delalia Visena', 'senadalila@gmail.com', 'Female', '+6281296520528', 'Nganjuk, Desa Segar Sari,Kecamatan Ciliwung, Tulung Agung, Jawa Tengah.', 3440000, '1998-03-03'),
('ST004', 'Farah Herning', 'farah001@gmail.com', 'Female', '+6282290498271', 'Rawa belong 22, Kewanggangg, Jawa Barat.', 4000000, '1997-04-04'),
('ST005', 'Milena Arisanti', 'milenaarisanti@yahoo.com', 'Female', '+6282193947112', 'Dusun Bojong Gede RT09/RW07, Ulu-uli, Jawa Timur.', 4450000, '1996-05-05'),
('ST006', 'Brigita Aubrey', 'brigitaab@gmail.com', 'Female', '+6285215227911', 'Komplek Green Boulevard blok FF no 2', 4500000, '1995-06-06'),
('ST007', 'Fatin Shidqia Colleen', 'colleen90@gmail.com', 'Female', '+6285692357988', 'Jl. Dukuh Manis XV/15 Surabaya, Jawa Timur.', 5000000, '1994-07-07'),
('ST008', 'Adyatma Mahaviriya', 'adyatmamh@yahoo.com', 'Male', '+6285892591600', 'Desa Bararejangan IX/II Sukamulyo, Jawa Timur.', 5100000, '1993-08-08'),
('ST009', 'Gholi Daniel', 'gholidaniyal@gmail.com', 'Male', '+6287897875134', 'Kembang Merah Putih V no 15 Surakerto, Jawa Tengah.', 5300000, '1992-09-09'),
('ST010', 'Mirza Zomahir', 'mirza.zahair@gmail.com', 'Male', '+6287851210272', 'Pegangsaan Timur blok JP no 1, Jakarta Pusat', 5500000, '1991-10-10'),
('ST011', 'Barraqis Rafeyfa', 'barrar72@gmail.com', 'Male', '+6281377636905', 'Jl. Singasari No.98 Tugu Permai, Bogor.', 3500000, '2000-11-11'),
('ST012', 'Elvan Aristodes', 'elvanaristides@gmail.com', 'Male', '+6283841878447', 'Desa Ngadengan, Tulung Agung, Jawa Tengah.', 3650000, '1998-01-13'),
('ST013', 'Fabrian Miko', 'mikkofabian@yahoo.com', 'Male', '+6283137153044', 'Jl. Mulawarman Selatan nomor 33R, Jawa Barat', 3700000, '1998-01-14'),
('ST014', 'Gabino Arthur', 'gabino.arthur@gmail.com', 'Male', '+6283152643459', 'Jl. Soekarno-Hatta blok 1R no 53, Jakarta Pusat', 4000000, '1997-02-14'),
('ST015', 'Baim Wong Pratama', 'pratamabaim@gmail.com', 'Male', '+6281803385961', 'Jl. Melati Putih blok 12 no 2, Jakarta Barat', 4500000, '1996-05-15')


INSERT INTO MsCustomer VALUES
('CU001', 'Radian Krisno Amanda', 'rahdianamanda@yahoo.com', 'Female', '+6281222483287', 'Jl. Kahurupan Utama blok A No.21 Rt.007 Rw.010 Kebon Sirih, Jakarta Timur.', '2002-07-30'),
('CU002', 'Aubrey Tabitha Fira', 'aubrey.fathia@gmail.com', 'Female', '+6281244186501', 'Apartemen Bougenvilia Lantai 8 No.44.', '1990-07-11'),
('CU003', 'Louisa Gantari', 'gantariliora@yahoo.com', 'Female', '+6281258545824', 'Jl. Mawar Boulevard No.5 RT 09/11, Alam Sutera.', '1995-05-31'),
('CU004', 'Rainer Kesya', 'rainey123@gmail.com', 'Female', '+6281278381431', 'Jl. Kani Jaya 4, RT 09 RW 08, Semarang, Jawa Tengah.', '1970-06-26'),
('CU005', 'Patricia Mabella', 'patricia08@yahoo.com', 'Female', '+6281285146462', 'Layar Permai 4a no 21, Pantai Indah Kapuk.', '1975-11-06'),
('CU006', 'Bilha Priyanka', 'priyanka@gmail.com', 'Female', '+6281289730000', 'Apartemen Mediterania Lantai 11 No. 2, Tanjung Duren.', '1994-01-05'),
('CU007', 'Theodora Torrences', 'teo.dora@yahoo.com', 'Female', '+6281356650199', 'Perumahan Bumi Elite no V blok F nomor 2, Jakarta Selatan.', '2001-02-28'),
('CU008', 'Tanya Suhaila', 'tanyasuhaila@gmail.com', 'Female', '+6281908332685', 'Perumahan Bumi Elite no IV blok J nomor 56, Jakarta Selatan., Jawa Barat.', '1955-03-21'),
('CU009', 'Karfela Hafizhan', 'kafeelh@yahoo.com', 'Male', '+6282116715460', 'Apartemen Mediterania Lantai 25 No. 4, Tanjung Duren.', '1988-04-15'),
('CU010', 'Syahreza Adhitama', 'syahrezaadhitama@gmail.com', 'Male', '+6282190630447', 'Jl. Padengglang Utama No. 12, Bantara Raya.', '2000-05-26'),
('CU011', 'Bagas Dhefin', 'dhefinbagas@yahoo.com', 'Male', '+6282225555781', 'Jl. Hasyim Ashari Timur no 36, Jakarta Barat', '1993-06-02'),
('CU012', 'Naufal Altezza', 'naufal29@gmail.com', 'Male', '+6282193947112', 'Jl. Raya R7 Parung Banteng Rt.04/01.', '1969-12-25'),
('CU013', 'Zabdani Fatihsza', 'zabdanfatih@yahoo.com', 'Male', '+6281807115347', 'Jl. Sekarsari Utara 3 no 9 Kel. Sukamuljo Kec. Bandung Utara.', '1999-08-17'),
('CU014', 'Fayeza Naufal', 'faeyza@gmail.com', 'Male', '+6282189938236', 'Jl. Pangeran Antasari RT 03 / 03, Surabaya', '2001-09-16'),
('CU015', 'Raditya Dika Balindro', 'radityabl@yahoo.com', 'Male', '+6282331402694', 'Jl. Tumanggung Ashari no 17G, Semarang.', '1983-11-04')

INSERT INTO MsVendor VALUES
('VE001', 'ED&F Man Indonesia', '0215761605', 'ed&f.store@gmail.com', 'Jl. Berkah Utama No.66 Thamrin Selatan, Jakarta Selatan.'),
('VE002', 'East Bourne!', '02157935835', 'eastbourne@gmail.com', 'Nganjuk, Desa Segar Sari,Kecamatan Ciliwung, Tulung Agung, Jawa Tengah.'),
('VE003', 'Elesvrint', '0214602666', 'elesvrin7@gmail.com', 'Dusun Bojong Gede RT09/RW07, Ulu-uli, Jawa Timur.'),
('VE004', 'Cargill Japan 2', '0215208255', 'japan2cargill@yahoo.com', 'Jl. Jend Sudirman Kav 54-55 Plaza Bapindo Citibank Tower Lt 23,Karet,Setia B Jakarta Selatan Indonesia.'),
('VE005', 'Canadian Corporation', '0215359771', 'corporation1@gmail.com', 'Jl. Dukuh Manis X/10 Surabaya, Jawa Timur.'),
('VE006', 'Dinamika Patra', '0217986687', 'dinamika@gmail.com', 'Jl. Raya Pasar Minggu Kav 34 Graha Sucofindo Bl B,Pancoran,Mampang Prapatan Jakarta Selatan Indonesia.'),
('VE007', 'R&B Collection', '02176917428', 'rnbcollection@gmail.com',' Jl. Parang Tritis Raya 20,Ancol,Pademangan Jakarta Utara Indonesia.'),
('VE008', 'Fedsina Nusa', '0215747735','fedsinnn@gmail.com', 'Jl. Benhil Raya  rute 72 Nusa Penida, Tanah Abang Jakarta Pusat Indonesia.'),
('VE009', 'Forisa Sejahtera', '02145850639', 'forisasejahtera@yahoo.com', 'Jl. Hasyim Ashari Timur no 36, Jakarta Barat'),
('VE010', 'Kharisma Jaya', '02158355020', 'jaaya@gmail.com', 'Komplek Sunrise Garden No. 7-F, Jakarta Barat.'),
('VE011', 'Anzen Pakarindo', '0216592255', 'anzen5@gmail.com', 'Kembang Merah Putih II no 2 Surakerto, Jawa Tengah.'),
('VE012', 'A&N Indonesia', '0215220123', 'annindonesia@gmail.com', 'Menara Bank Permata, 3nd Floor,Jl. Jend. Sudirman Kav. 27,Jakarta Selatan Indonesia.'),
('VE013', 'Bakrie & Brothers Tbk', '0215250192','bakriebrothers@yahoo.com', 'Wisma Bakrie, 4th Floor,Jl. HR. Rasuna Said Kav. B-1, Kuningan,Jakarta Selatan Indonesia.'),
('VE014', 'Bali Securities', '0215237815', 'balisecurities7@yahoo.com','Menara Sudirman, 3rd Floor,Jl. Jend. Sudirman Kav. 60,Jakarta Selatan Indonesia.'),
('VE015', '2 Berlian', '0214602666', '2berlian@gmail.com','Desa Bararejangan IX/II Sukamulyo, Jawa Timur.')


INSERT INTO MsTelevisionBrand VALUES
('TB001', 'Xiaomi'),
('TB002', 'LG'),
('TB003', 'polytron'),
('TB004', 'Realme'),
('TB005', 'Sumsang'),
('TB006', 'Cooca'),
('TB007', 'Samsung Smart'),
('TB008', 'Samsung International'),
('TB009', 'Philips'),
('TB010', 'Sharp'),
('TB011', 'Aqua'),
('TB012', 'Toshiba'),
('TB013', 'Changhong'),
('TB014', 'Sharp'),
('TB015', 'TCL')


INSERT INTO MsTelevision VALUES
('TE001', '32N4003 LED', 'TB008', 2010000),
('TE002','Cinemax Soundbar PLD40B', 'TB003', 1700000), 
('TE003', 'Pro 24 inch 24L1600', 'TB012', 4440000),
('TE004', 'LC40LE265M', 'TB014', 1800000),
('TE005', 'Crystal UHD 4K Smart TV', 'TB007', 5900000),
('TE006', 'Mi TV 32-inch', 'TB001', 2400000),
('TE007', 'White LED', 'TB011', 1900000),
('TE008', 'LED L24G3', 'TB013', 2299000),
('TE009', 'Samsung TV HD T4001', 'TB005', 2800000),
('TE010', 'LED A5 40-inch', 'TB015', 4700000),
('TE011', '4100 series', 'TB009', 2200000),
('TE012', 'LED S3G 42-inch ', 'TB006', 3100000),
('TE013', '32LM630BPTB', 'TB002', 3200000),
('TE014', 'AQUOS UHD 2T-C32C1i', 'TB010', 2400000), 
('TE015', 'Smart UHD TV 32-inch', 'TB004', 2600000)


INSERT INTO PurchaseHeader VALUES
('PE001','ST002','VE004','2017-09-20'),
('PE002','ST004','VE006','2016-07-07'),
('PE003','ST005','VE012','2021-07-06'),
('PE004','ST006','VE007','2015-10-10'),
('PE005','ST002','VE009','2019-12-19'),
('PE006','ST002','VE005','2019-12-31'),
('PE007','ST005','VE011','2020-05-10'),
('PE008','ST007','VE010','2021-02-02'),
('PE009','ST005','VE011','2019-08-08'),
('PE010','ST003','VE008','2019-04-04'),
('PE011','ST015','VE014','2018-04-24'),
('PE012','ST002','VE003','2020-11-11'),
('PE013','ST011','VE001','2014-12-25'),
('PE014','ST001','VE002','2017-10-05'),
('PE015','ST009','VE009','2020-09-07')

INSERT INTO PurchaseDetail VALUES
('PE001','TE006',20),
('PE001','TE009',12),
('PE002','TE005',24),
('PE002','TE010',12),
('PE003','TE005',22),
('PE003','TE011',10),
('PE004','TE015',19),
('PE004','TE002',15),
('PE005','TE015',29),
('PE005','TE007',12),
('PE006','TE008',31),
('PE006','TE012',20),
('PE007','TE007',7),
('PE007','TE004',14),
('PE008','TE003',10),
('PE008','TE010',12),
('PE008','TE005',14),
('PE009','TE005',36),
('PE010','TE002',13),
('PE010','TE001',50),
('PE011','TE011',15),
('PE011','TE007',40),
('PE012','TE014',15),
('PE013','TE004',20),
('PE013','TE011',35),
('PE014','TE005',18),
('PE014','TE012',15),
('PE014','TE003',11),
('PE015','TE010',9),
('PE015','TE003',17)

INSERT INTO SalesHeader VALUES
('SA001','ST002','CU003','2020-10-12'),
('SA002','ST010','CU007','2021-04-02'),
('SA003','ST001','CU007','2021-03-25'),
('SA004','ST005','CU001','2021-05-25'),
('SA005','ST007','CU015','2021-01-01'),
('SA006','ST004','CU014','2021-05-01'),
('SA007','ST013','CU002','2019-03-30'),
('SA008','ST015','CU011','2020-02-28'),
('SA009','ST003','CU013','2021-01-15'),
('SA010','ST006','CU005','2020-08-28'),
('SA011','ST004','CU007','2019-04-19'),
('SA012','ST011','CU012','2019-03-01'),
('SA013','ST012','CU004','2018-04-05'),
('SA014','ST008','CU006','2019-12-12'),
('SA015','ST010','CU010','2022-01-01')

INSERT INTO SalesDetail VALUES
('SA001','TE007',2),
('SA001','TE004',2),
('SA001','TE010',2),
('SA002','TE012',2),
('SA002','TE002',1),
('SA003','TE003',1),
('SA003','TE010',2),
('SA003','TE005',1),
('SA004','TE012',1),
('SA004','TE001',2),
('SA005','TE001',3),
('SA005','TE008',2),
('SA006','TE005',2),
('SA006','TE012',1),
('SA007','TE007',12),
('SA007','TE008',15),
('SA008','TE012',10),
('SA008','TE010',17),
('SA009','TE007',9),
('SA009','TE006',1),
('SA010','TE002',5),
('SA010','TE012',2),
('SA011','TE010',1),
('SA012','TE003',2),
('SA013','TE004',28),
('SA014','TE006',8),
('SA014','TE009',3),
('SA015','TE001',1),
('SA015','TE002',4),
('SA015','TE005',2)